,folds,test_auc,val_auc,test_acc,val_acc
0,0,0.618663594470046,0.6244239631336406,0.6447368421052632,0.7105263157894737
1,1,0.717741935483871,0.7327188940092166,0.7105263157894737,0.75
2,2,0.6417050691244239,0.7534562211981567,0.6973684210526316,0.7763157894736842
3,3,0.5783410138248848,0.6716589861751152,0.631578947368421,0.6447368421052632
4,4,0.5841013824884792,0.5414746543778801,0.8026315789473684,0.8157894736842105

Metrica		      Media	Deviazione Standard
Test AUC      	0.6281	± 0.0564
Val AUC	        0.6647	± 0.0857
Test Accuracy	  0.6974	± 0.0677
Val Accuracy	  0.7395	± 0.0654